{
    "addUAVs": [
        0.430633544921875,
        0.4302678108215332
    ],
    "removeUAVs": [
        0.00200653076171875
    ],
    "createAllAABBs": [
        0.005074501037597656
    ],
    "chullFromMesh": [
        0.023931026458740234,
        0.028903484344482422
    ],
    "basicCollisionDetectionaccurate": [
        0.5143783092498779,
        0.4942808151245117,
        0.49567675590515137,
        0.5078272819519043
    ],
    "launchUavs": [
        0.40712952613830566,
        0.12959957122802734,
        0.2059309482574463,
        0.39832282066345215,
        0.1308596134185791,
        0.20964717864990234,
        0.03663492202758789,
        0.03720259666442871,
        0.05003190040588379,
        0.042319536209106445,
        0.04129505157470703
    ]
}